Workbook

Sheet 填写说明
A1: 载量筛选专用记录表（自动汇总版）
A2: 用法：
A3: 1. 在“单炉记录”页一炉一行填写。
A4: 2. 时间列统一用“从投豆开始起算的秒数”，这样均值和范围最好算。
A5: 3. V/W/AS/AT/AU 列是自动公式，不用手填。
A6: 4. 在“块汇总”页 A 列填入实验块编号，例如 W01-A-120g。
A7: 5. 块汇总会自动拉出该块的载量、回温均值/范围、补救次数、过程评分均值和综合总分。
A8: 6. “连续5炉复现性”“定位”“下一步”“块结论一句话”建议在看完杯测后手填。
A9: 7. 一个实验块只放一个载量，不要在同块里混 120g / 150g / 190g。

Sheet 单炉记录
A1: 日期 | B1: 周次 | C1: 实验块编号 | D1: 样品编号 | E1: 豆名 | F1: 批次 | G1: 目标焙度/目标杯感 | H1: 载量(g) | I1: 本块第几炉 | J1: 炉次角色(基准/复刻/偏移/确认) | K1: 预热设定 | L1: 入豆温(℃) | M1: 起始火力 | N1: 起始风门/联动风门 | O1: 环境温度(℃) | P1: 环境湿度(%) | Q1: 密度(g/L) | R1: 含水率(%) | S1: 投豆时间 | T1: 回温时间(秒) | U1: 回温温度(℃) | V1: 回温时间偏差(对块均值,秒) | W1: 回温温度偏差(对块均值,℃) | X1: 回温后前30-45秒节奏(平顺/略快/略慢/抢跑/发闷) | Y1: 是否需要补救式修正(是/否) | Z1: 补救动作 | AA1: 转黄时间(秒) | AB1: 转黄温度(℃) | AC1: 颜色转换清晰度(1-5) | AD1: 气味转换清晰度(1-5) | AE1: 第一段降火窗口感受(宽/中/窄) | AF1: 第一段降火若早10秒结果 | AG1: 第一段降火若晚10秒结果 | AH1: 转黄前后操作空间评分(1-5) | AI1: 一爆开始时间(秒) | AJ1: 一爆开始温度(℃) | AK1: 一爆前颜色是否突然加速(无/轻/重) | AL1: 一爆前烟量上升(无/轻/重) | AM1: 银皮飞出强度(弱/中/强) | AN1: 爆裂进入方式(渐进/正常/暴冲) | AO1: 是否需要大幅降火抢救(是/否) | AP1: 一爆前过激风险评分_反向(1-5) | AQ1: 下豆时间(秒) | AR1: 下豆温度(℃) | AS1: 总烘焙时间(秒) | AT1: 发展时间(秒) | AU1: 发展比(%) | AV1: 失重率(%) | AW1: 下豆色均匀度(1-5) | AX1: 杯中清晰度(1-5) | AY1: 杯中熟度感(1-5) | AZ1: 杯中负向问题 | BA1: 回温可控性评分(1-5) | BB1: 本炉结论(工作载量/备用载量/待观察/排除候选) | BC1: 下一炉唯一改动 | BD1: 备注
V2: =IF(OR($C2="",T2=""),"",T2-AVERAGEIF($C:$C,$C2,$T:$T)) | W2: =IF(OR($C2="",U2=""),"",U2-AVERAGEIF($C:$C,$C2,$U:$U)) | AS2: =IF(AQ2="","",AQ2) | AT2: =IF(OR(AQ2="",AI2=""),"",AQ2-AI2) | AU2: =IF(OR(AT2="",AQ2=""),"",AT2/AQ2)
V3: =IF(OR($C3="",T3=""),"",T3-AVERAGEIF($C:$C,$C3,$T:$T)) | W3: =IF(OR($C3="",U3=""),"",U3-AVERAGEIF($C:$C,$C3,$U:$U)) | AS3: =IF(AQ3="","",AQ3) | AT3: =IF(OR(AQ3="",AI3=""),"",AQ3-AI3) | AU3: =IF(OR(AT3="",AQ3=""),"",AT3/AQ3)
V4: =IF(OR($C4="",T4=""),"",T4-AVERAGEIF($C:$C,$C4,$T:$T)) | W4: =IF(OR($C4="",U4=""),"",U4-AVERAGEIF($C:$C,$C4,$U:$U)) | AS4: =IF(AQ4="","",AQ4) | AT4: =IF(OR(AQ4="",AI4=""),"",AQ4-AI4) | AU4: =IF(OR(AT4="",AQ4=""),"",AT4/AQ4)
V5: =IF(OR($C5="",T5=""),"",T5-AVERAGEIF($C:$C,$C5,$T:$T)) | W5: =IF(OR($C5="",U5=""),"",U5-AVERAGEIF($C:$C,$C5,$U:$U)) | AS5: =IF(AQ5="","",AQ5) | AT5: =IF(OR(AQ5="",AI5=""),"",AQ5-AI5) | AU5: =IF(OR(AT5="",AQ5=""),"",AT5/AQ5)
V6: =IF(OR($C6="",T6=""),"",T6-AVERAGEIF($C:$C,$C6,$T:$T)) | W6: =IF(OR($C6="",U6=""),"",U6-AVERAGEIF($C:$C,$C6,$U:$U)) | AS6: =IF(AQ6="","",AQ6) | AT6: =IF(OR(AQ6="",AI6=""),"",AQ6-AI6) | AU6: =IF(OR(AT6="",AQ6=""),"",AT6/AQ6)
V7: =IF(OR($C7="",T7=""),"",T7-AVERAGEIF($C:$C,$C7,$T:$T)) | W7: =IF(OR($C7="",U7=""),"",U7-AVERAGEIF($C:$C,$C7,$U:$U)) | AS7: =IF(AQ7="","",AQ7) | AT7: =IF(OR(AQ7="",AI7=""),"",AQ7-AI7) | AU7: =IF(OR(AT7="",AQ7=""),"",AT7/AQ7)
V8: =IF(OR($C8="",T8=""),"",T8-AVERAGEIF($C:$C,$C8,$T:$T)) | W8: =IF(OR($C8="",U8=""),"",U8-AVERAGEIF($C:$C,$C8,$U:$U)) | AS8: =IF(AQ8="","",AQ8) | AT8: =IF(OR(AQ8="",AI8=""),"",AQ8-AI8) | AU8: =IF(OR(AT8="",AQ8=""),"",AT8/AQ8)
V9: =IF(OR($C9="",T9=""),"",T9-AVERAGEIF($C:$C,$C9,$T:$T)) | W9: =IF(OR($C9="",U9=""),"",U9-AVERAGEIF($C:$C,$C9,$U:$U)) | AS9: =IF(AQ9="","",AQ9) | AT9: =IF(OR(AQ9="",AI9=""),"",AQ9-AI9) | AU9: =IF(OR(AT9="",AQ9=""),"",AT9/AQ9)
V10: =IF(OR($C10="",T10=""),"",T10-AVERAGEIF($C:$C,$C10,$T:$T)) | W10: =IF(OR($C10="",U10=""),"",U10-AVERAGEIF($C:$C,$C10,$U:$U)) | AS10: =IF(AQ10="","",AQ10) | AT10: =IF(OR(AQ10="",AI10=""),"",AQ10-AI10) | AU10: =IF(OR(AT10="",AQ10=""),"",AT10/AQ10)
V11: =IF(OR($C11="",T11=""),"",T11-AVERAGEIF($C:$C,$C11,$T:$T)) | W11: =IF(OR($C11="",U11=""),"",U11-AVERAGEIF($C:$C,$C11,$U:$U)) | AS11: =IF(AQ11="","",AQ11) | AT11: =IF(OR(AQ11="",AI11=""),"",AQ11-AI11) | AU11: =IF(OR(AT11="",AQ11=""),"",AT11/AQ11)
V12: =IF(OR($C12="",T12=""),"",T12-AVERAGEIF($C:$C,$C12,$T:$T)) | W12: =IF(OR($C12="",U12=""),"",U12-AVERAGEIF($C:$C,$C12,$U:$U)) | AS12: =IF(AQ12="","",AQ12) | AT12: =IF(OR(AQ12="",AI12=""),"",AQ12-AI12) | AU12: =IF(OR(AT12="",AQ12=""),"",AT12/AQ12)
V13: =IF(OR($C13="",T13=""),"",T13-AVERAGEIF($C:$C,$C13,$T:$T)) | W13: =IF(OR($C13="",U13=""),"",U13-AVERAGEIF($C:$C,$C13,$U:$U)) | AS13: =IF(AQ13="","",AQ13) | AT13: =IF(OR(AQ13="",AI13=""),"",AQ13-AI13) | AU13: =IF(OR(AT13="",AQ13=""),"",AT13/AQ13)
... V201: =IF(OR($C201="",T201=""),"",T201-AVERAGEIF($C:$C,$C201,$T:$T)) | W201: =IF(OR($C201="",U201=""),"",U201-AVERAGEIF($C:$C,$C201,$U:$U)) | AS201: =IF(AQ201="","",AQ201) | AT201: =IF(OR(AQ201="",AI201=""),"",AQ201-AI201) | AU201: =IF(OR(AT201="",AQ201=""),"",AT201/AQ201)

Sheet 块汇总
A1: 实验块编号(手填) | B1: 候选载量(g) | C1: 豆名 | D1: 炉数 | E1: 回温时间均值(秒) | F1: 回温时间范围(秒) | G1: 回温温度均值(℃) | H1: 回温温度范围(℃) | I1: 回温后补救次数 | J1: 转黄前后空间均分 | K1: 一爆前暴冲次数 | L1: 一爆前过激风险均分(反向) | M1: 回温可控性均分 | N1: 杯中清晰度均分 | O1: 杯中熟度感均分 | P1: 连续5炉复现性(手填1-5) | Q1: 综合总分 | R1: 定位(手填) | S1: 下一步(手填) | T1: 块结论一句话(手填)
B2: =IF($A2="","",IFERROR(INDEX(单炉记录!$H:$H,MATCH($A2,单炉记录!$C:$C,0)),"")) | C2: =IF($A2="","",IFERROR(INDEX(单炉记录!$E:$E,MATCH($A2,单炉记录!$C:$C,0)),"")) | D2: =IF($A2="","",COUNTIF(单炉记录!$C:$C,$A2)) | E2: =IF($A2="","",IFERROR(ROUND(AVERAGEIF(单炉记录!$C:$C,$A2,单炉记录!$T:$T),1),"")) | F2: =IF($A2="","",IFERROR(MAXIFS(单炉记录!$T:$T,单炉记录!$C:$C,$A2)-MINIFS(单炉记录!$T:$T,单炉记录!$C:$C,$A2),"")) | G2: =IF($A2="","",IFERROR(ROUND(AVERAGEIF(单炉记录!$C:$C,$A2,单炉记录!$U:$U),1),"")) | H2: =IF($A2="","",IFERROR(MAXIFS(单炉记录!$U:$U,单炉记录!$C:$C,$A2)-MINIFS(单炉记录!$U:$U,单炉记录!$C:$C,$A2),"")) | I2: =IF($A2="","",COUNTIFS(单炉记录!$C:$C,$A2,单炉记录!$Y:$Y,"是")) | J2: =IF($A2="","",IFERROR(ROUND(AVERAGEIF(单炉记录!$C:$C,$A2,单炉记录!$AH:$AH),2),"")) | K2: =IF($A2="","",COUNTIFS(单炉记录!$C:$C,$A2,单炉记录!$AN:$AN,"暴冲")) | L2: =IF($A2="","",IFERROR(ROUND(AVERAGEIF(单炉记录!$C:$C,$A2,单炉记录!$AP:$AP),2),"")) | M2: =IF($A2="","",IFERROR(ROUND(AVERAGEIF(单炉记录!$C:$C,$A2,单炉记录!$BA:$BA),2),"")) | N2: =IF($A2="","",IFERROR(ROUND(AVERAGEIF(单炉记录!$C:$C,$A2,单炉记录!$AX:$AX),2),"")) | O2: =IF($A2="","",IFERROR(ROUND(AVERAGEIF(单炉记录!$C:$C,$A2,单炉记录!$AY:$AY),2),"")) | Q2: =IF($A2="","",ROUND(AVERAGE(J2,L2,M2,AVERAGE(N2,O2),P2),2))
B3: =IF($A3="","",IFERROR(INDEX(单炉记录!$H:$H,MATCH($A3,单炉记录!$C:$C,0)),"")) | C3: =IF($A3="","",IFERROR(INDEX(单炉记录!$E:$E,MATCH($A3,单炉记录!$C:$C,0)),"")) | D3: =IF($A3="","",COUNTIF(单炉记录!$C:$C,$A3)) | E3: =IF($A3="","",IFERROR(ROUND(AVERAGEIF(单炉记录!$C:$C,$A3,单炉记录!$T:$T),1),"")) | F3: =IF($A3="","",IFERROR(MAXIFS(单炉记录!$T:$T,单炉记录!$C:$C,$A3)-MINIFS(单炉记录!$T:$T,单炉记录!$C:$C,$A3),"")) | G3: =IF($A3="","",IFERROR(ROUND(AVERAGEIF(单炉记录!$C:$C,$A3,单炉记录!$U:$U),1),"")) | H3: =IF($A3="","",IFERROR(MAXIFS(单炉记录!$U:$U,单炉记录!$C:$C,$A3)-MINIFS(单炉记录!$U:$U,单炉记录!$C:$C,$A3),"")) | I3: =IF($A3="","",COUNTIFS(单炉记录!$C:$C,$A3,单炉记录!$Y:$Y,"是")) | J3: =IF($A3="","",IFERROR(ROUND(AVERAGEIF(单炉记录!$C:$C,$A3,单炉记录!$AH:$AH),2),"")) | K3: =IF($A3="","",COUNTIFS(单炉记录!$C:$C,$A3,单炉记录!$AN:$AN,"暴冲")) | L3: =IF($A3="","",IFERROR(ROUND(AVERAGEIF(单炉记录!$C:$C,$A3,单炉记录!$AP:$AP),2),"")) | M3: =IF($A3="","",IFERROR(ROUND(AVERAGEIF(单炉记录!$C:$C,$A3,单炉记录!$BA:$BA),2),"")) | N3: =IF($A3="","",IFERROR(ROUND(AVERAGEIF(单炉记录!$C:$C,$A3,单炉记录!$AX:$AX),2),"")) | O3: =IF($A3="","",IFERROR(ROUND(AVERAGEIF(单炉记录!$C:$C,$A3,单炉记录!$AY:$AY),2),"")) | Q3: =IF($A3="","",ROUND(AVERAGE(J3,L3,M3,AVERAGE(N3,O3),P3),2))
B4: =IF($A4="","",IFERROR(INDEX(单炉记录!$H:$H,MATCH($A4,单炉记录!$C:$C,0)),"")) | C4: =IF($A4="","",IFERROR(INDEX(单炉记录!$E:$E,MATCH($A4,单炉记录!$C:$C,0)),"")) | D4: =IF($A4="","",COUNTIF(单炉记录!$C:$C,$A4)) | E4: =IF($A4="","",IFERROR(ROUND(AVERAGEIF(单炉记录!$C:$C,$A4,单炉记录!$T:$T),1),"")) | F4: =IF($A4="","",IFERROR(MAXIFS(单炉记录!$T:$T,单炉记录!$C:$C,$A4)-MINIFS(单炉记录!$T:$T,单炉记录!$C:$C,$A4),"")) | G4: =IF($A4="","",IFERROR(ROUND(AVERAGEIF(单炉记录!$C:$C,$A4,单炉记录!$U:$U),1),"")) | H4: =IF($A4="","",IFERROR(MAXIFS(单炉记录!$U:$U,单炉记录!$C:$C,$A4)-MINIFS(单炉记录!$U:$U,单炉记录!$C:$C,$A4),"")) | I4: =IF($A4="","",COUNTIFS(单炉记录!$C:$C,$A4,单炉记录!$Y:$Y,"是")) | J4: =IF($A4="","",IFERROR(ROUND(AVERAGEIF(单炉记录!$C:$C,$A4,单炉记录!$AH:$AH),2),"")) | K4: =IF($A4="","",COUNTIFS(单炉记录!$C:$C,$A4,单炉记录!$AN:$AN,"暴冲")) | L4: =IF($A4="","",IFERROR(ROUND(AVERAGEIF(单炉记录!$C:$C,$A4,单炉记录!$AP:$AP),2),"")) | M4: =IF($A4="","",IFERROR(ROUND(AVERAGEIF(单炉记录!$C:$C,$A4,单炉记录!$BA:$BA),2),"")) | N4: =IF($A4="","",IFERROR(ROUND(AVERAGEIF(单炉记录!$C:$C,$A4,单炉记录!$AX:$AX),2),"")) | O4: =IF($A4="","",IFERROR(ROUND(AVERAGEIF(单炉记录!$C:$C,$A4,单炉记录!$AY:$AY),2),"")) | Q4: =IF($A4="","",ROUND(AVERAGE(J4,L4,M4,AVERAGE(N4,O4),P4),2))
B5: =IF($A5="","",IFERROR(INDEX(单炉记录!$H:$H,MATCH($A5,单炉记录!$C:$C,0)),"")) | C5: =IF($A5="","",IFERROR(INDEX(单炉记录!$E:$E,MATCH($A5,单炉记录!$C:$C,0)),"")) | D5: =IF($A5="","",COUNTIF(单炉记录!$C:$C,$A5)) | E5: =IF($A5="","",IFERROR(ROUND(AVERAGEIF(单炉记录!$C:$C,$A5,单炉记录!$T:$T),1),"")) | F5: =IF($A5="","",IFERROR(MAXIFS(单炉记录!$T:$T,单炉记录!$C:$C,$A5)-MINIFS(单炉记录!$T:$T,单炉记录!$C:$C,$A5),"")) | G5: =IF($A5="","",IFERROR(ROUND(AVERAGEIF(单炉记录!$C:$C,$A5,单炉记录!$U:$U),1),"")) | H5: =IF($A5="","",IFERROR(MAXIFS(单炉记录!$U:$U,单炉记录!$C:$C,$A5)-MINIFS(单炉记录!$U:$U,单炉记录!$C:$C,$A5),"")) | I5: =IF($A5="","",COUNTIFS(单炉记录!$C:$C,$A5,单炉记录!$Y:$Y,"是")) | J5: =IF($A5="","",IFERROR(ROUND(AVERAGEIF(单炉记录!$C:$C,$A5,单炉记录!$AH:$AH),2),"")) | K5: =IF($A5="","",COUNTIFS(单炉记录!$C:$C,$A5,单炉记录!$AN:$AN,"暴冲")) | L5: =IF($A5="","",IFERROR(ROUND(AVERAGEIF(单炉记录!$C:$C,$A5,单炉记录!$AP:$AP),2),"")) | M5: =IF($A5="","",IFERROR(ROUND(AVERAGEIF(单炉记录!$C:$C,$A5,单炉记录!$BA:$BA),2),"")) | N5: =IF($A5="","",IFERROR(ROUND(AVERAGEIF(单炉记录!$C:$C,$A5,单炉记录!$AX:$AX),2),"")) | O5: =IF($A5="","",IFERROR(ROUND(AVERAGEIF(单炉记录!$C:$C,$A5,单炉记录!$AY:$AY),2),"")) | Q5: =IF($A5="","",ROUND(AVERAGE(J5,L5,M5,AVERAGE(N5,O5),P5),2))
B6: =IF($A6="","",IFERROR(INDEX(单炉记录!$H:$H,MATCH($A6,单炉记录!$C:$C,0)),"")) | C6: =IF($A6="","",IFERROR(INDEX(单炉记录!$E:$E,MATCH($A6,单炉记录!$C:$C,0)),"")) | D6: =IF($A6="","",COUNTIF(单炉记录!$C:$C,$A6)) | E6: =IF($A6="","",IFERROR(ROUND(AVERAGEIF(单炉记录!$C:$C,$A6,单炉记录!$T:$T),1),"")) | F6: =IF($A6="","",IFERROR(MAXIFS(单炉记录!$T:$T,单炉记录!$C:$C,$A6)-MINIFS(单炉记录!$T:$T,单炉记录!$C:$C,$A6),"")) | G6: =IF($A6="","",IFERROR(ROUND(AVERAGEIF(单炉记录!$C:$C,$A6,单炉记录!$U:$U),1),"")) | H6: =IF($A6="","",IFERROR(MAXIFS(单炉记录!$U:$U,单炉记录!$C:$C,$A6)-MINIFS(单炉记录!$U:$U,单炉记录!$C:$C,$A6),"")) | I6: =IF($A6="","",COUNTIFS(单炉记录!$C:$C,$A6,单炉记录!$Y:$Y,"是")) | J6: =IF($A6="","",IFERROR(ROUND(AVERAGEIF(单炉记录!$C:$C,$A6,单炉记录!$AH:$AH),2),"")) | K6: =IF($A6="","",COUNTIFS(单炉记录!$C:$C,$A6,单炉记录!$AN:$AN,"暴冲")) | L6: =IF($A6="","",IFERROR(ROUND(AVERAGEIF(单炉记录!$C:$C,$A6,单炉记录!$AP:$AP),2),"")) | M6: =IF($A6="","",IFERROR(ROUND(AVERAGEIF(单炉记录!$C:$C,$A6,单炉记录!$BA:$BA),2),"")) | N6: =IF($A6="","",IFERROR(ROUND(AVERAGEIF(单炉记录!$C:$C,$A6,单炉记录!$AX:$AX),2),"")) | O6: =IF($A6="","",IFERROR(ROUND(AVERAGEIF(单炉记录!$C:$C,$A6,单炉记录!$AY:$AY),2),"")) | Q6: =IF($A6="","",ROUND(AVERAGE(J6,L6,M6,AVERAGE(N6,O6),P6),2))
B7: =IF($A7="","",IFERROR(INDEX(单炉记录!$H:$H,MATCH($A7,单炉记录!$C:$C,0)),"")) | C7: =IF($A7="","",IFERROR(INDEX(单炉记录!$E:$E,MATCH($A7,单炉记录!$C:$C,0)),"")) | D7: =IF($A7="","",COUNTIF(单炉记录!$C:$C,$A7)) | E7: =IF($A7="","",IFERROR(ROUND(AVERAGEIF(单炉记录!$C:$C,$A7,单炉记录!$T:$T),1),"")) | F7: =IF($A7="","",IFERROR(MAXIFS(单炉记录!$T:$T,单炉记录!$C:$C,$A7)-MINIFS(单炉记录!$T:$T,单炉记录!$C:$C,$A7),"")) | G7: =IF($A7="","",IFERROR(ROUND(AVERAGEIF(单炉记录!$C:$C,$A7,单炉记录!$U:$U),1),"")) | H7: =IF($A7="","",IFERROR(MAXIFS(单炉记录!$U:$U,单炉记录!$C:$C,$A7)-MINIFS(单炉记录!$U:$U,单炉记录!$C:$C,$A7),"")) | I7: =IF($A7="","",COUNTIFS(单炉记录!$C:$C,$A7,单炉记录!$Y:$Y,"是")) | J7: =IF($A7="","",IFERROR(ROUND(AVERAGEIF(单炉记录!$C:$C,$A7,单炉记录!$AH:$AH),2),"")) | K7: =IF($A7="","",COUNTIFS(单炉记录!$C:$C,$A7,单炉记录!$AN:$AN,"暴冲")) | L7: =IF($A7="","",IFERROR(ROUND(AVERAGEIF(单炉记录!$C:$C,$A7,单炉记录!$AP:$AP),2),"")) | M7: =IF($A7="","",IFERROR(ROUND(AVERAGEIF(单炉记录!$C:$C,$A7,单炉记录!$BA:$BA),2),"")) | N7: =IF($A7="","",IFERROR(ROUND(AVERAGEIF(单炉记录!$C:$C,$A7,单炉记录!$AX:$AX),2),"")) | O7: =IF($A7="","",IFERROR(ROUND(AVERAGEIF(单炉记录!$C:$C,$A7,单炉记录!$AY:$AY),2),"")) | Q7: =IF($A7="","",ROUND(AVERAGE(J7,L7,M7,AVERAGE(N7,O7),P7),2))
B8: =IF($A8="","",IFERROR(INDEX(单炉记录!$H:$H,MATCH($A8,单炉记录!$C:$C,0)),"")) | C8: =IF($A8="","",IFERROR(INDEX(单炉记录!$E:$E,MATCH($A8,单炉记录!$C:$C,0)),"")) | D8: =IF($A8="","",COUNTIF(单炉记录!$C:$C,$A8)) | E8: =IF($A8="","",IFERROR(ROUND(AVERAGEIF(单炉记录!$C:$C,$A8,单炉记录!$T:$T),1),"")) | F8: =IF($A8="","",IFERROR(MAXIFS(单炉记录!$T:$T,单炉记录!$C:$C,$A8)-MINIFS(单炉记录!$T:$T,单炉记录!$C:$C,$A8),"")) | G8: =IF($A8="","",IFERROR(ROUND(AVERAGEIF(单炉记录!$C:$C,$A8,单炉记录!$U:$U),1),"")) | H8: =IF($A8="","",IFERROR(MAXIFS(单炉记录!$U:$U,单炉记录!$C:$C,$A8)-MINIFS(单炉记录!$U:$U,单炉记录!$C:$C,$A8),"")) | I8: =IF($A8="","",COUNTIFS(单炉记录!$C:$C,$A8,单炉记录!$Y:$Y,"是")) | J8: =IF($A8="","",IFERROR(ROUND(AVERAGEIF(单炉记录!$C:$C,$A8,单炉记录!$AH:$AH),2),"")) | K8: =IF($A8="","",COUNTIFS(单炉记录!$C:$C,$A8,单炉记录!$AN:$AN,"暴冲")) | L8: =IF($A8="","",IFERROR(ROUND(AVERAGEIF(单炉记录!$C:$C,$A8,单炉记录!$AP:$AP),2),"")) | M8: =IF($A8="","",IFERROR(ROUND(AVERAGEIF(单炉记录!$C:$C,$A8,单炉记录!$BA:$BA),2),"")) | N8: =IF($A8="","",IFERROR(ROUND(AVERAGEIF(单炉记录!$C:$C,$A8,单炉记录!$AX:$AX),2),"")) | O8: =IF($A8="","",IFERROR(ROUND(AVERAGEIF(单炉记录!$C:$C,$A8,单炉记录!$AY:$AY),2),"")) | Q8: =IF($A8="","",ROUND(AVERAGE(J8,L8,M8,AVERAGE(N8,O8),P8),2))
B9: =IF($A9="","",IFERROR(INDEX(单炉记录!$H:$H,MATCH($A9,单炉记录!$C:$C,0)),"")) | C9: =IF($A9="","",IFERROR(INDEX(单炉记录!$E:$E,MATCH($A9,单炉记录!$C:$C,0)),"")) | D9: =IF($A9="","",COUNTIF(单炉记录!$C:$C,$A9)) | E9: =IF($A9="","",IFERROR(ROUND(AVERAGEIF(单炉记录!$C:$C,$A9,单炉记录!$T:$T),1),"")) | F9: =IF($A9="","",IFERROR(MAXIFS(单炉记录!$T:$T,单炉记录!$C:$C,$A9)-MINIFS(单炉记录!$T:$T,单炉记录!$C:$C,$A9),"")) | G9: =IF($A9="","",IFERROR(ROUND(AVERAGEIF(单炉记录!$C:$C,$A9,单炉记录!$U:$U),1),"")) | H9: =IF($A9="","",IFERROR(MAXIFS(单炉记录!$U:$U,单炉记录!$C:$C,$A9)-MINIFS(单炉记录!$U:$U,单炉记录!$C:$C,$A9),"")) | I9: =IF($A9="","",COUNTIFS(单炉记录!$C:$C,$A9,单炉记录!$Y:$Y,"是")) | J9: =IF($A9="","",IFERROR(ROUND(AVERAGEIF(单炉记录!$C:$C,$A9,单炉记录!$AH:$AH),2),"")) | K9: =IF($A9="","",COUNTIFS(单炉记录!$C:$C,$A9,单炉记录!$AN:$AN,"暴冲")) | L9: =IF($A9="","",IFERROR(ROUND(AVERAGEIF(单炉记录!$C:$C,$A9,单炉记录!$AP:$AP),2),"")) | M9: =IF($A9="","",IFERROR(ROUND(AVERAGEIF(单炉记录!$C:$C,$A9,单炉记录!$BA:$BA),2),"")) | N9: =IF($A9="","",IFERROR(ROUND(AVERAGEIF(单炉记录!$C:$C,$A9,单炉记录!$AX:$AX),2),"")) | O9: =IF($A9="","",IFERROR(ROUND(AVERAGEIF(单炉记录!$C:$C,$A9,单炉记录!$AY:$AY),2),"")) | Q9: =IF($A9="","",ROUND(AVERAGE(J9,L9,M9,AVERAGE(N9,O9),P9),2))
B10: =IF($A10="","",IFERROR(INDEX(单炉记录!$H:$H,MATCH($A10,单炉记录!$C:$C,0)),"")) | C10: =IF($A10="","",IFERROR(INDEX(单炉记录!$E:$E,MATCH($A10,单炉记录!$C:$C,0)),"")) | D10: =IF($A10="","",COUNTIF(单炉记录!$C:$C,$A10)) | E10: =IF($A10="","",IFERROR(ROUND(AVERAGEIF(单炉记录!$C:$C,$A10,单炉记录!$T:$T),1),"")) | F10: =IF($A10="","",IFERROR(MAXIFS(单炉记录!$T:$T,单炉记录!$C:$C,$A10)-MINIFS(单炉记录!$T:$T,单炉记录!$C:$C,$A10),"")) | G10: =IF($A10="","",IFERROR(ROUND(AVERAGEIF(单炉记录!$C:$C,$A10,单炉记录!$U:$U),1),"")) | H10: =IF($A10="","",IFERROR(MAXIFS(单炉记录!$U:$U,单炉记录!$C:$C,$A10)-MINIFS(单炉记录!$U:$U,单炉记录!$C:$C,$A10),"")) | I10: =IF($A10="","",COUNTIFS(单炉记录!$C:$C,$A10,单炉记录!$Y:$Y,"是")) | J10: =IF($A10="","",IFERROR(ROUND(AVERAGEIF(单炉记录!$C:$C,$A10,单炉记录!$AH:$AH),2),"")) | K10: =IF($A10="","",COUNTIFS(单炉记录!$C:$C,$A10,单炉记录!$AN:$AN,"暴冲")) | L10: =IF($A10="","",IFERROR(ROUND(AVERAGEIF(单炉记录!$C:$C,$A10,单炉记录!$AP:$AP),2),"")) | M10: =IF($A10="","",IFERROR(ROUND(AVERAGEIF(单炉记录!$C:$C,$A10,单炉记录!$BA:$BA),2),"")) | N10: =IF($A10="","",IFERROR(ROUND(AVERAGEIF(单炉记录!$C:$C,$A10,单炉记录!$AX:$AX),2),"")) | O10: =IF($A10="","",IFERROR(ROUND(AVERAGEIF(单炉记录!$C:$C,$A10,单炉记录!$AY:$AY),2),"")) | Q10: =IF($A10="","",ROUND(AVERAGE(J10,L10,M10,AVERAGE(N10,O10),P10),2))
B11: =IF($A11="","",IFERROR(INDEX(单炉记录!$H:$H,MATCH($A11,单炉记录!$C:$C,0)),"")) | C11: =IF($A11="","",IFERROR(INDEX(单炉记录!$E:$E,MATCH($A11,单炉记录!$C:$C,0)),"")) | D11: =IF($A11="","",COUNTIF(单炉记录!$C:$C,$A11)) | E11: =IF($A11="","",IFERROR(ROUND(AVERAGEIF(单炉记录!$C:$C,$A11,单炉记录!$T:$T),1),"")) | F11: =IF($A11="","",IFERROR(MAXIFS(单炉记录!$T:$T,单炉记录!$C:$C,$A11)-MINIFS(单炉记录!$T:$T,单炉记录!$C:$C,$A11),"")) | G11: =IF($A11="","",IFERROR(ROUND(AVERAGEIF(单炉记录!$C:$C,$A11,单炉记录!$U:$U),1),"")) | H11: =IF($A11="","",IFERROR(MAXIFS(单炉记录!$U:$U,单炉记录!$C:$C,$A11)-MINIFS(单炉记录!$U:$U,单炉记录!$C:$C,$A11),"")) | I11: =IF($A11="","",COUNTIFS(单炉记录!$C:$C,$A11,单炉记录!$Y:$Y,"是")) | J11: =IF($A11="","",IFERROR(ROUND(AVERAGEIF(单炉记录!$C:$C,$A11,单炉记录!$AH:$AH),2),"")) | K11: =IF($A11="","",COUNTIFS(单炉记录!$C:$C,$A11,单炉记录!$AN:$AN,"暴冲")) | L11: =IF($A11="","",IFERROR(ROUND(AVERAGEIF(单炉记录!$C:$C,$A11,单炉记录!$AP:$AP),2),"")) | M11: =IF($A11="","",IFERROR(ROUND(AVERAGEIF(单炉记录!$C:$C,$A11,单炉记录!$BA:$BA),2),"")) | N11: =IF($A11="","",IFERROR(ROUND(AVERAGEIF(单炉记录!$C:$C,$A11,单炉记录!$AX:$AX),2),"")) | O11: =IF($A11="","",IFERROR(ROUND(AVERAGEIF(单炉记录!$C:$C,$A11,单炉记录!$AY:$AY),2),"")) | Q11: =IF($A11="","",ROUND(AVERAGE(J11,L11,M11,AVERAGE(N11,O11),P11),2))
B12: =IF($A12="","",IFERROR(INDEX(单炉记录!$H:$H,MATCH($A12,单炉记录!$C:$C,0)),"")) | C12: =IF($A12="","",IFERROR(INDEX(单炉记录!$E:$E,MATCH($A12,单炉记录!$C:$C,0)),"")) | D12: =IF($A12="","",COUNTIF(单炉记录!$C:$C,$A12)) | E12: =IF($A12="","",IFERROR(ROUND(AVERAGEIF(单炉记录!$C:$C,$A12,单炉记录!$T:$T),1),"")) | F12: =IF($A12="","",IFERROR(MAXIFS(单炉记录!$T:$T,单炉记录!$C:$C,$A12)-MINIFS(单炉记录!$T:$T,单炉记录!$C:$C,$A12),"")) | G12: =IF($A12="","",IFERROR(ROUND(AVERAGEIF(单炉记录!$C:$C,$A12,单炉记录!$U:$U),1),"")) | H12: =IF($A12="","",IFERROR(MAXIFS(单炉记录!$U:$U,单炉记录!$C:$C,$A12)-MINIFS(单炉记录!$U:$U,单炉记录!$C:$C,$A12),"")) | I12: =IF($A12="","",COUNTIFS(单炉记录!$C:$C,$A12,单炉记录!$Y:$Y,"是")) | J12: =IF($A12="","",IFERROR(ROUND(AVERAGEIF(单炉记录!$C:$C,$A12,单炉记录!$AH:$AH),2),"")) | K12: =IF($A12="","",COUNTIFS(单炉记录!$C:$C,$A12,单炉记录!$AN:$AN,"暴冲")) | L12: =IF($A12="","",IFERROR(ROUND(AVERAGEIF(单炉记录!$C:$C,$A12,单炉记录!$AP:$AP),2),"")) | M12: =IF($A12="","",IFERROR(ROUND(AVERAGEIF(单炉记录!$C:$C,$A12,单炉记录!$BA:$BA),2),"")) | N12: =IF($A12="","",IFERROR(ROUND(AVERAGEIF(单炉记录!$C:$C,$A12,单炉记录!$AX:$AX),2),"")) | O12: =IF($A12="","",IFERROR(ROUND(AVERAGEIF(单炉记录!$C:$C,$A12,单炉记录!$AY:$AY),2),"")) | Q12: =IF($A12="","",ROUND(AVERAGE(J12,L12,M12,AVERAGE(N12,O12),P12),2))
B13: =IF($A13="","",IFERROR(INDEX(单炉记录!$H:$H,MATCH($A13,单炉记录!$C:$C,0)),"")) | C13: =IF($A13="","",IFERROR(INDEX(单炉记录!$E:$E,MATCH($A13,单炉记录!$C:$C,0)),"")) | D13: =IF($A13="","",COUNTIF(单炉记录!$C:$C,$A13)) | E13: =IF($A13="","",IFERROR(ROUND(AVERAGEIF(单炉记录!$C:$C,$A13,单炉记录!$T:$T),1),"")) | F13: =IF($A13="","",IFERROR(MAXIFS(单炉记录!$T:$T,单炉记录!$C:$C,$A13)-MINIFS(单炉记录!$T:$T,单炉记录!$C:$C,$A13),"")) | G13: =IF($A13="","",IFERROR(ROUND(AVERAGEIF(单炉记录!$C:$C,$A13,单炉记录!$U:$U),1),"")) | H13: =IF($A13="","",IFERROR(MAXIFS(单炉记录!$U:$U,单炉记录!$C:$C,$A13)-MINIFS(单炉记录!$U:$U,单炉记录!$C:$C,$A13),"")) | I13: =IF($A13="","",COUNTIFS(单炉记录!$C:$C,$A13,单炉记录!$Y:$Y,"是")) | J13: =IF($A13="","",IFERROR(ROUND(AVERAGEIF(单炉记录!$C:$C,$A13,单炉记录!$AH:$AH),2),"")) | K13: =IF($A13="","",COUNTIFS(单炉记录!$C:$C,$A13,单炉记录!$AN:$AN,"暴冲")) | L13: =IF($A13="","",IFERROR(ROUND(AVERAGEIF(单炉记录!$C:$C,$A13,单炉记录!$AP:$AP),2),"")) | M13: =IF($A13="","",IFERROR(ROUND(AVERAGEIF(单炉记录!$C:$C,$A13,单炉记录!$BA:$BA),2),"")) | N13: =IF($A13="","",IFERROR(ROUND(AVERAGEIF(单炉记录!$C:$C,$A13,单炉记录!$AX:$AX),2),"")) | O13: =IF($A13="","",IFERROR(ROUND(AVERAGEIF(单炉记录!$C:$C,$A13,单炉记录!$AY:$AY),2),"")) | Q13: =IF($A13="","",ROUND(AVERAGE(J13,L13,M13,AVERAGE(N13,O13),P13),2))
... B31: =IF($A31="","",IFERROR(INDEX(单炉记录!$H:$H,MATCH($A31,单炉记录!$C:$C,0)),"")) | C31: =IF($A31="","",IFERROR(INDEX(单炉记录!$E:$E,MATCH($A31,单炉记录!$C:$C,0)),"")) | D31: =IF($A31="","",COUNTIF(单炉记录!$C:$C,$A31)) | E31: =IF($A31="","",IFERROR(ROUND(AVERAGEIF(单炉记录!$C:$C,$A31,单炉记录!$T:$T),1),"")) | F31: =IF($A31="","",IFERROR(MAXIFS(单炉记录!$T:$T,单炉记录!$C:$C,$A31)-MINIFS(单炉记录!$T:$T,单炉记录!$C:$C,$A31),"")) | G31: =IF($A31="","",IFERROR(ROUND(AVERAGEIF(单炉记录!$C:$C,$A31,单炉记录!$U:$U),1),"")) | H31: =IF($A31="","",IFERROR(MAXIFS(单炉记录!$U:$U,单炉记录!$C:$C,$A31)-MINIFS(单炉记录!$U:$U,单炉记录!$C:$C,$A31),"")) | I31: =IF($A31="","",COUNTIFS(单炉记录!$C:$C,$A31,单炉记录!$Y:$Y,"是")) | J31: =IF($A31="","",IFERROR(ROUND(AVERAGEIF(单炉记录!$C:$C,$A31,单炉记录!$AH:$AH),2),"")) | K31: =IF($A31="","",COUNTIFS(单炉记录!$C:$C,$A31,单炉记录!$AN:$AN,"暴冲")) | L31: =IF($A31="","",IFERROR(ROUND(AVERAGEIF(单炉记录!$C:$C,$A31,单炉记录!$AP:$AP),2),"")) | M31: =IF($A31="","",IFERROR(ROUND(AVERAGEIF(单炉记录!$C:$C,$A31,单炉记录!$BA:$BA),2),"")) | N31: =IF($A31="","",IFERROR(ROUND(AVERAGEIF(单炉记录!$C:$C,$A31,单炉记录!$AX:$AX),2),"")) | O31: =IF($A31="","",IFERROR(ROUND(AVERAGEIF(单炉记录!$C:$C,$A31,单炉记录!$AY:$AY),2),"")) | Q31: =IF($A31="","",ROUND(AVERAGE(J31,L31,M31,AVERAGE(N31,O31),P31),2))
